venueID,categoryID,seat_num
1,6,50
1,8,900
1,10,800
2,1,2500
2,2,680
2,10,1500
3,2,400
3,8,400
3,9,200
3,10,200
4,6,100
4,7,100
4,8,400
4,10,400
5,2,200
5,6,100
5,8,400
5,9,400
5,10,378
6,8,551
6,10,140
7,2,108
7,6,32
7,8,820
7,10,300
8,1,5000
8,2,1000
8,9,5000
9,2,1000
9,4,6000
9,5,2000
9,6,500
10,1,250
10,2,250
10,3,70
11,1,220
12,1,200
12,2,100
12,3,30
